num_examples,mean_query_time,mean_generation_time,mean_total_time
132,0.14866622727272727,3.1803818257575758,3.329048053030303
